,ru_name,en_name,year,length,country,genre,director,cast,rating,ratings_number
0,Зеленая миля,The Green Mile,1999,189,США,драма,Фрэнк Дарабонт,"['Том Хэнкс', 'Дэвид Морс']",9.1,114573
1,1+1,Intouchables,2011,112,Франция,драма,Оливье Накаш,"['Франсуа Клюзе', 'Омар Си']",9.0,442253
2,Побег из Шоушенка,The Shawshank Redemption,1994,142,США,драма,Фрэнк Дарабонт,"['Тим Роббинс', 'Морган Фриман']",9.0,119564
3,Форрест Гамп,Forrest Gump,1994,142,США,драма,Роберт Земекис,"['Том Хэнкс', 'Робин Райт']",9.0,109984
4,Интерстеллар,Interstellar,2014,169,США,фантастика,Кристофер Нолан,"['Мэттью Макконахи', 'Энн Хэтэуэй']",8.9,109489
5,Унесённые призраками,Sen to Chihiro no kamikakushi,2001,125,Япония,аниме,Хаяо Миядзаки,"['Руми Хиираги', 'Мию Ирино']",8.9,100986
6,Властелин колец: Возвращение короля,The Lord of the Rings: The Return of the King,2003,201,Новая Зеландия,фэнтези,Питер Джексон,"['Элайджа Вуд', 'Вигго Мортенсен']",8.9,42339
7,Бойцовский клуб,Fight Club,1999,139,США,триллер,Дэвид Финчер,"['Эдвард Нортон', 'Брэд Питт']",8.8,230085
8,Список Шиндлера,Schindler's List,1993,195,США,драма,Стивен Спилберг,"['Лиам Нисон', 'Бен Кингсли']",8.8,38297
9,Шрэк,Shrek,2001,90,США,мультфильм,Эндрю Адамсон,"['Майк Майерс', 'Эдди Мерфи']",8.8,202677
10,Криминальное чтиво,Pulp Fiction,1994,154,США,криминал,Квентин Тарантино,"['Джон Траволта', 'Сэмюэл Л. Джексон']",8.8,96106
11,Властелин колец: Братство Кольца,The Lord of the Rings: The Fellowship of the Ring,2001,178,Новая Зеландия,фэнтези,Питер Джексон,"['Элайджа Вуд', 'Иэн Маккеллен']",8.8,55491
12,Властелин колец: Две крепости,The Lord of the Rings: The Two Towers,2002,179,Новая Зеландия,фэнтези,Питер Джексон,"['Элайджа Вуд', 'Иэн Маккеллен']",8.8,39518
13,Иван Васильевич меняет профессию,,1973,88,СССР,комедия,Леонид Гайдай,"['Александр Демьяненко', 'Юрий Яковлев']",8.7,181103
14,Приключения Шерлока Холмса и доктора Ватсона: Собака Баскервилей,,1981,154,СССР,детектив,Игорь Масленников,"['Василий Ливанов', 'Виталий Соломин']",8.7,51538
15,Достучаться до небес,Knockin' on Heaven's Door,1997,87,Германия,драма,Томас Ян,"['Тиль Швайгер', 'Ян Йозеф Лиферс']",8.7,126722
16,Ходячий замок,Howl no Ugoku Shiro,2004,119,Япония,аниме,Хаяо Миядзаки,"['Тиэко Байсё', 'Такуя Кимура']",8.7,91844
17,Остров проклятых,Shutter Island,2009,138,США,триллер,Мартин Скорсезе,"['Леонардо ДиКаприо', 'Марк Руффало']",8.7,178893
18,Шерлок Холмс и доктор Ватсон: Знакомство,,1979,68,СССР,криминал,Игорь Масленников,"['Василий Ливанов', 'Виталий Соломин']",8.7,55032
19,Леон,Léon,1994,133,Франция,боевик,Люк Бессон,"['Жан Рено', 'Натали Портман']",8.7,141524
20,Терминатор 2: Судный день,Terminator 2: Judgment Day,1991,137,США,фантастика,Джеймс Кэмерон,"['Арнольд Шварценеггер', 'Линда Хэмилтон']",8.7,105217
21,Начало,Inception,2010,148,США,фантастика,Кристофер Нолан,"['Леонардо ДиКаприо', 'Джозеф Гордон-Левитт']",8.7,70311
22,Операция «Ы» и другие приключения Шурика,,1965,95,СССР,комедия,Леонид Гайдай,"['Александр Демьяненко', 'Наталья Селезнёва']",8.7,184611
23,Джентльмены удачи,,1971,84,СССР,комедия,Александр Серый,"['Евгений Леонов', 'Георгий Вицин']",8.7,150120
24,Тайна Коко,Coco,2017,105,США,мультфильм,Ли Анкрич,"['Энтони Гонсалес', 'Гаэль Гарсиа Берналь']",8.7,103640
25,...А зори здесь тихие,,1972,160,СССР,драма,Станислав Ростоцкий,"['Елена Драпеко', 'Екатерина Маркова']",8.6,38694
26,Зеленая книга,Green Book,2018,130,США,биография,Питер Фаррелли,"['Вигго Мортенсен', 'Махершала Али']",8.6,223051
27,Темный рыцарь,The Dark Knight,2008,152,США,фантастика,Кристофер Нолан,"['Кристиан Бэйл', 'Хит Леджер']",8.6,54697
28,Шрэк 2,Shrek 2,2004,93,США,мультфильм,Эндрю Адамсон,"['Майк Майерс', 'Эдди Мерфи']",8.6,165886
29,Джентльмены,The Gentlemen,2019,113,США,криминал,Гай Ричи,"['Мэттью Макконахи', 'Чарли Ханнэм']",8.6,379529
30,Король Лев,The Lion King,1994,88,США,мультфильм,Роджер Аллерс,"['Мэттью Бродерик', 'Джереми Айронс']",8.6,70940
31,Как приручить дракона,How to Train Your Dragon,2010,98,США,мультфильм,Дин ДеБлуа,"['Джей Барушель', 'Джерард Батлер']",8.6,109483
32,Москва слезам не верит,,1979,150,СССР,мелодрама,Владимир Меньшов,"['Вера Алентова', 'Ирина Муравьёва']",8.6,148949
33,Они сражались за Родину,,1975,160,СССР,драма,Сергей Бондарчук,"['Василий Шукшин', 'Вячеслав Тихонов']",8.6,41466
34,Хатико: Самый верный друг,Hachi: A Dog's Tale,2008,89,США,драма,Лассе Халльстрём,"['Ричард Гир', 'Джоан Аллен']",8.6,84758
35,"Поймай меня, если сможешь",Catch Me If You Can,2002,141,США,криминал,Стивен Спилберг,"['Леонардо ДиКаприо', 'Том Хэнкс']",8.6,118708
36,Назад в будущее,Back to the Future,1985,116,США,фантастика,Роберт Земекис,"['Майкл Дж. Фокс', 'Кристофер Ллойд']",8.6,55367
37,Собачье сердце,,1988,136,СССР,драма,Владимир Бортко,"['Евгений Евстигнеев', 'Владимир Толоконников']",8.6,80834
38,Бриллиантовая рука,,1968,94,СССР,комедия,Леонид Гайдай,"['Юрий Никулин', 'Андрей Миронов']",8.6,151021
39,Девчата,,1962,92,СССР,мелодрама,Юрий Чулюкин,"['Надежда Румянцева', 'Николай Рыбников']",8.6,146211
40,Большой куш,Snatch,2000,104,Великобритания,криминал,Гай Ричи,"['Джейсон Стэйтем', 'Стивен Грэм']",8.6,90998
41,Брат,,1997,100,Россия,драма,Алексей Балабанов,"['Сергей Бодров мл.', 'Виктор Сухоруков']",8.6,294798
42,"Кавказская пленница, или Новые приключения Шурика",,1966,82,СССР,комедия,Леонид Гайдай,"['Александр Демьяненко', 'Наталья Варлей']",8.5,148856
43,Офицеры,,1971,91,СССР,драма,Владимир Роговой,"['Георгий Юматов', 'Василий Лановой']",8.5,43077
44,Брат 2,,2000,127,Россия,боевик,Алексей Балабанов,"['Сергей Бодров мл.', 'Виктор Сухоруков']",8.5,187916
45,Гладиатор,Gladiator,2000,155,США,история,Ридли Скотт,"['Рассел Кроу', 'Хоакин Феникс']",8.5,77325
46,ВАЛЛ·И,WALL·E,2008,98,США,мультфильм,Эндрю Стэнтон,"['Бен Бертт', 'Элисса Найт']",8.5,80615
47,В бой идут одни «старики»,,1973,87,СССР,военный,Леонид Быков,"['Леонид Быков', 'Сергей Подгорный']",8.5,78706
48,Мой сосед Тоторо,Tonari no Totoro,1988,86,Япония,аниме,Хаяо Миядзаки,"['Норико Хидака', 'Тика Сакамото']",8.5,48242
49,Клаус,Klaus,2019,96,Испания,мультфильм,Серхио Паблос,"['Джейсон Шварцман', 'Дж.К. Симмонс']",8.5,28519
50,Пианист,The Pianist,2002,149,Франция,драма,Роман Полански,"['Эдриан Броуди', 'Эмилия Фокс']",8.5,53315
51,"Карты, деньги, два ствола","Lock, Stock and Two Smoking Barrels",1998,107,Великобритания,боевик,Гай Ричи,"['Джейсон Флеминг', 'Декстер Флетчер']",8.5,38436
52,Служебный роман,,1977,159,СССР,мелодрама,Эльдар Рязанов,"['Андрей Мягков', 'Алиса Фрейндлих']",8.5,124455
53,Жизнь прекрасна,La vita è bella,1997,116,Италия,военный,Роберто Бениньи,"['Роберто Бениньи', 'Николетта Браски']",8.5,14876
54,Мой Хатико,Zhong quan ba gong,2023,125,Китай,драма,Сюй Ан,"['Фэн Сяоган', 'Хуан Сюн']",8.5,76463
55,Принцесса Мононоке,Mononoke-hime,1997,134,Япония,аниме,Хаяо Миядзаки,"['Ёдзи Мацуда', 'Юрико Исида']",8.5,30766
56,Гордость и предубеждение,Pride & Prejudice,2005,129,Великобритания,драма,Джо Райт,"['Кира Найтли', 'Мэттью Макфэдиен']",8.4,115723
57,Гарри Поттер и философский камень,Harry Potter and the Sorcerer's Stone,2001,152,Великобритания,фэнтези,Крис Коламбус,"['Дэниэл Рэдклифф', 'Руперт Гринт']",8.4,141211
58,Укрощение строптивого,Il bisbetico domato,1980,107,Италия,мелодрама,Франко Кастеллано,"['Адриано Челентано', 'Орнелла Мути']",8.4,90149
59,Волк с Уолл-стрит,The Wolf of Wall Street,2013,180,США,драма,Мартин Скорсезе,"['Леонардо ДиКаприо', 'Джона Хилл']",8.4,247462
60,Песнь моря,Song of the Sea,2014,93,Ирландия,мультфильм,Томм Мур,"['Дэвид Роул', 'Брендан Глисон']",8.4,29309
61,Пираты Карибского моря: Проклятие Черной жемчужины,Pirates of the Caribbean: The Curse of the Black Pearl,2003,143,США,фэнтези,Гор Вербински,"['Джонни Депп', 'Джеффри Раш']",8.4,113532
62,Судьба человека,,1959,97,СССР,драма,Сергей Бондарчук,"['Сергей Бондарчук', 'Павел Полунин']",8.4,26926
63,Пятый элемент,The Fifth Element,1997,126,Франция,фантастика,Люк Бессон,"['Брюс Уиллис', 'Милла Йовович']",8.4,114192
64,Тот самый Мюнхгаузен,,1979,134,СССР,фэнтези,Марк Захаров,"['Олег Янковский', 'Инна Чурикова']",8.4,25266
65,Ведьмина служба доставки,Majo no takkyûbin,1989,103,Япония,аниме,Хаяо Миядзаки,"['Минами Такаяма', 'Рэи Сакума']",8.4,29171
66,Титаник,Titanic,1997,194,США,мелодрама,Джеймс Кэмерон,"['Леонардо ДиКаприо', 'Кейт Уинслет']",8.4,105583
67,Матрица,The Matrix,1999,136,США,фантастика,Лана Вачовски,"['Киану Ривз', 'Лоренс Фишбёрн']",8.4,56511
68,Человек-паук: Паутина вселенных,Spider-Man: Across the Spider-Verse,2023,140,США,мультфильм,Жуакин Душ Сантуш,"['Шамеик Мур', 'Хейли Стайнфелд']",8.4,120491
69,Одержимость,Whiplash,2013,106,США,драма,Дэмьен Шазелл,"['Майлз Теллер', 'Дж.К. Симмонс']",8.4,99277
70,Гарри Поттер и узник Азкабана,Harry Potter and the Prisoner of Azkaban,2004,142,Великобритания,фэнтези,Альфонсо Куарон,"['Дэниэл Рэдклифф', 'Руперт Гринт']",8.4,80001
71,Маленький принц,Le Petit Prince,2015,108,Франция,мультфильм,Марк Осборн,"['Джефф Бриджес', 'Маккензи Фой']",8.4,40973
72,Пеле: Рождение легенды,Pelé: Birth of a Legend,2015,107,США,биография,Джефф Цимбалист,"['Кевин де Паула', 'Леонардо Лима Карвальо']",8.4,95032
73,Крик тишины,,2019,97,Россия,драма,Владимир Потапов,"['Алина Саргина', 'Лев Гиршов']",8.4,83518
74,Лев,Lion,2016,118,Австралия,драма,Гарт Дэвис,"['Дев Патель', 'Николь Кидман']",8.4,75021
75,Иди и смотри,,1985,136,СССР,драма,Элем Климов,"['Алексей Кравченко', 'Ольга Миронова']",8.4,42378
76,Отступники,The Departed,2006,151,США,триллер,Мартин Скорсезе,"['Леонардо ДиКаприо', 'Мэтт Дэймон']",8.4,30915
77,Белый Бим Черное ухо,,1976,183,СССР,драма,Станислав Ростоцкий,"['Вячеслав Тихонов', 'Валентина Владимирова']",8.4,16575
78,12 разгневанных мужчин,12 Angry Men,1956,96,США,драма,Сидни Люмет,"['Генри Фонда', 'Мартин Болсам']",8.4,10020
79,Престиж,The Prestige,2006,130,Великобритания,триллер,Кристофер Нолан,"['Хью Джекман', 'Кристиан Бэйл']",8.4,35759
80,Хоббит: Нежданное путешествие,The Hobbit: An Unexpected Journey,2012,169,Новая Зеландия,фэнтези,Питер Джексон,"['Мартин Фриман', 'Иэн Маккеллен']",8.4,73760
81,Мужики!..,,1981,97,СССР,драма,Искра Бабич,"['Александр Михайлов', 'Ирина Иванова']",8.4,34045
82,Мадагаскар,Madagascar,2005,86,США,мультфильм,Эрик Дарнелл,"['Бен Стиллер', 'Крис Рок']",8.4,122390
83,Дело храбрых,Only the Brave,2017,134,США,драма,Джозеф Косински,"['Джош Бролин', 'Майлз Теллер']",8.4,90097
84,Шерлок Холмс и доктор Ватсон: Сокровища Агры,,1983,151,СССР,мелодрама,Игорь Масленников,"['Василий Ливанов', 'Виталий Соломин']",8.4,20470
85,В августе 44-го,,2001,118,Россия,боевик,Михаил Пташук,"['Евгений Миронов', 'Владислав Галкин']",8.4,75785
86,Человек-паук: Через вселенные,Spider-Man: Into the Spider-Verse,2018,117,Канада,мультфильм,Боб Персичетти,"['Шамеик Мур', 'Джейк Джонсон']",8.4,61275
87,Эрнест и Селестина: Приключения мышки и медведя,Ernest et Célestine,2012,80,Франция,мультфильм,Стефани Обье,"['Ламбер Вильсон', 'Полин Брюннер']",8.4,16445
88,Шоу Трумана,The Truman Show,1998,103,США,драма,Питер Уир,"['Джим Керри', 'Лора Линни']",8.4,79283
89,Хоббит: Битва пяти воинств,The Hobbit: The Battle of the Five Armies,2014,144,Новая Зеландия,фэнтези,Питер Джексон,"['Мартин Фриман', 'Иэн Маккеллен']",8.3,50841
90,Крестный отец,The Godfather,1972,175,США,драма,Фрэнсис Форд Коппола,"['Марлон Брандо', 'Аль Пачино']",8.3,33059
91,Джанго освобожденный,Django Unchained,2012,165,США,вестерн,Квентин Тарантино,"['Джейми Фокс', 'Кристоф Вальц']",8.3,65810
92,Вам и не снилось...,,1980,86,СССР,драма,Илья Фрэз,"['Татьяна Аксюта', 'Никита Михайловский']",8.3,38662
93,12 стульев,,1971,153,СССР,комедия,Леонид Гайдай,"['Арчил Гомиашвили', 'Сергей Филиппов']",8.3,50939
94,Навсикая из долины ветров,Kaze no tani no Naushika,1984,117,Япония,аниме,Хаяо Миядзаки,"['Суми Симамото', 'Махито Цудзимура']",8.3,16347
95,Вторая жизнь Уве,En man som heter Ove,2015,116,Швеция,драма,Ханнес Холм,"['Рольф Лассгор', 'Бахар Парс']",8.3,124134
96,Двухсотлетний человек,Bicentennial Man,1999,126,Германия,фантастика,Крис Коламбус,"['Робин Уильямс', 'Эмбет Дэвидц']",8.3,41715
97,Летят журавли,,1957,95,СССР,военный,Михаил Калатозов,"['Татьяна Самойлова', 'Алексей Баталов']",8.3,21613
98,Твоё имя,Kimi no na wa.,2016,110,Япония,аниме,Макото Синкай,"['Рюносукэ Камики', 'Монэ Камисираиси']",8.3,37772
99,Брестская крепость,,2010,131,Беларусь,военный,Александр Котт,"['Алексей Копашов', 'Андрей Мерзликин']",8.3,36678
100,Приключения Паддингтона 2,Paddington 2,2017,103,Великобритания,фэнтези,Пол Кинг,"['Бен Уишоу', 'Хью Бонневилль']",8.3,105868
101,Малышка на миллион,Million Dollar Baby,2004,132,США,драма,Клинт Иствуд,"['Клинт Иствуд', 'Хилари Суэнк']",8.3,54421
102,Укрась прощальное утро цветами обещания,Sayonara no asa ni yakusoku no hana o kazaro,2018,115,Япония,аниме,Мари Окада,"['Манака Ивами', 'Мию Ирино']",8.3,45251
103,Крестный отец 2,The Godfather: Part II,1974,202,США,драма,Фрэнсис Форд Коппола,"['Аль Пачино', 'Роберт Де Ниро']",8.3,15255
104,Остров сокровищ,,1988,107,СССР,мультфильм,Давид Черкасский,"['Владимир Заднепровский', 'Евгений Паперный']",8.3,46862
105,На войне как на войне,,1968,90,СССР,военный,Виктор Трегубович,"['Михаил Кононов', 'Олег Борисов']",8.3,15397
106,Сестрёнка,,2019,94,Россия,драма,Александр Галибин,"['Арслан Крымчурин', 'Марта Кесслер']",8.3,76654
107,Человек-паук,Spider-Man,2002,121,США,фантастика,Сэм Рэйми,"['Тоби Магуайр', 'Уиллем Дефо']",8.3,102792
108,Покровские ворота,,1982,140,СССР,мюзикл,Михаил Козаков,"['Олег Меньшиков', 'Леонид Броневой']",8.3,34410
109,Не может быть!,,1975,92,СССР,мелодрама,Леонид Гайдай,"['Михаил Пуговкин', 'Нина Гребешкова']",8.3,39488
110,Молчание ягнят,The Silence of the Lambs,1990,118,США,триллер,Джонатан Демме,"['Джоди Фостер', 'Энтони Хопкинс']",8.3,60305
111,Хоббит: Пустошь Смауга,The Hobbit: The Desolation of Smaug,2013,161,Новая Зеландия,фэнтези,Питер Джексон,"['Мартин Фриман', 'Ричард Армитедж']",8.3,47815
112,Люди в чёрном,Men in Black,1997,98,США,фантастика,Барри Зонненфельд,"['Томми Ли Джонс', 'Уилл Смит']",8.3,110304
113,Семь,Se7en,1995,127,США,триллер,Дэвид Финчер,"['Брэд Питт', 'Морган Фриман']",8.3,47645
114,Игры разума,A Beautiful Mind,2001,135,США,биография,Рон Ховард,"['Рассел Кроу', 'Эд Харрис']",8.3,29529
115,Холодное лето пятьдесят третьего...,,1987,102,СССР,драма,Александр Прошкин,"['Валерий Приёмыхов', 'Анатолий Папанов']",8.3,34039
116,Хранители снов,Rise of the Guardians,2012,97,США,мультфильм,Питер Рэмзи,"['Крис Пайн', 'Алек Болдуин']",8.3,63525
117,"Знакомьтесь, Джо Блэк",Meet Joe Black,1998,178,США,мелодрама,Мартин Брест,"['Брэд Питт', 'Энтони Хопкинс']",8.3,83875
118,Небесный замок Лапута,Tenkuu no Shiro Laputa,1986,125,Япония,аниме,Хаяо Миядзаки,"['Кэйко Ёкодзава', 'Маюми Танака']",8.3,16135
119,Рыбка Поньо на утесе,Gake no ue no Ponyo,2008,101,Япония,аниме,Хаяо Миядзаки,"['Юриа Нара', 'Хироки Дои']",8.3,27054
120,Гарри Поттер и Тайная комната,Harry Potter and the Chamber of Secrets,2002,161,Великобритания,фэнтези,Крис Коламбус,"['Дэниэл Рэдклифф', 'Руперт Гринт']",8.3,78869
121,Смех и горе у Бела моря,,1988,59,СССР,мультфильм,Леонид Носырев,"['Анатолий Баранцев', 'Евгений Леонов']",8.3,13651
122,Бесславные ублюдки,Inglourious Basterds,2009,153,Германия,боевик,Квентин Тарантино,"['Брэд Питт', 'Кристоф Вальц']",8.3,66992
123,Как прогулять школу с пользой,L'école buissonnière,2017,116,Франция,драма,Николя Ванье,"['Франсуа Клюзе', 'Жан Скандель']",8.3,88798
124,"Добро пожаловать, или Посторонним вход воспрещен",,1964,71,СССР,комедия,Элем Климов,"['Виктор Косых', 'Евгений Евстигнеев']",8.3,38988
125,Война,,2002,120,Россия,боевик,Алексей Балабанов,"['Алексей Чадов', 'Иэн Келли']",8.3,36734
126,По соображениям совести,Hacksaw Ridge,2016,139,Австралия,биография,Мэл Гибсон,"['Эндрю Гарфилд', 'Сэм Уортингтон']",8.3,55902
127,Отпуск по обмену,The Holiday,2006,136,США,мелодрама,Нэнси Майерс,"['Кэмерон Диас', 'Кейт Уинслет']",8.3,161413
128,Кин-дза-дза!,,1986,135,СССР,фантастика,Георгий Данелия,"['Станислав Любшин', 'Евгений Леонов']",8.3,55992
129,Терминал,The Terminal,2004,124,США,драма,Стивен Спилберг,"['Том Хэнкс', 'Кэтрин Зета-Джонс']",8.3,71724
130,Апокалипсис,Apocalypto,2006,139,США,боевик,Мэл Гибсон,"['Руди Янгблад', 'Далия Эрнандес']",8.3,73578
131,"Хороший, плохой, злой","Il buono, il brutto, il cattivo",1966,178,Италия,вестерн,Серджио Леоне,"['Клинт Иствуд', 'Ли Ван Клиф']",8.3,11574
132,Общество мертвых поэтов,Dead Poets Society,1989,128,США,драма,Питер Уир,"['Робин Уильямс', 'Роберт Шон Леонард']",8.3,18328
133,Чудо,Wonder,2017,113,США,драма,Стивен Чбоски,"['Джейкоб Тремблей', 'Оуэн Уилсон']",8.3,54171
134,Белое солнце пустыни,,1969,84,СССР,боевик,Владимир Мотыль,"['Анатолий Кузнецов', 'Спартак Мишулин']",8.3,56370
135,Гарри Поттер и Дары Смерти: Часть II,Harry Potter and the Deathly Hallows - Part 2,2011,130,Великобритания,фэнтези,Дэвид Йейтс,"['Дэниэл Рэдклифф', 'Руперт Гринт']",8.2,53035
136,Алеша Попович и Тугарин Змей,,2004,79,Россия,мультфильм,Константин Бронзит,"['Олег Куликович', 'Дмитрий Высоцкий']",8.2,103494
137,Привидение,Ghost,1990,127,США,мелодрама,Джерри Цукер,"['Патрик Суэйзи', 'Деми Мур']",8.2,56825
138,Собачья жизнь,A Dog's Purpose,2017,100,США,фэнтези,Лассе Халльстрём,"['Джош Гад', 'Деннис Куэйд']",8.2,26884
139,Один дома,Home Alone,1990,103,США,комедия,Крис Коламбус,"['Маколей Калкин', 'Джо Пеши']",8.2,197852
140,Ученик чудовища,Bakemono no ko,2015,119,Япония,аниме,Мамору Хосода,"['Сёта Сомэтани', 'Кодзи Якусё']",8.2,46829
141,Ветер крепчает,Kaze tachinu,2013,126,Япония,аниме,Хаяо Миядзаки,"['Хидэаки Анно', 'Миори Такимото']",8.2,17323
142,Мимино,,1977,92,СССР,драма,Георгий Данелия,"['Вахтанг Кикабидзе', 'Фрунзик Мкртчян']",8.2,38682
143,Назад в будущее 2,Back to the Future Part II,1989,108,США,фантастика,Роберт Земекис,"['Майкл Дж. Фокс', 'Кристофер Ллойд']",8.2,31248
144,Корпорация монстров,"Monsters, Inc.",2001,92,США,мультфильм,Пит Доктер,"['Джон Гудман', 'Билли Кристал']",8.2,68371
145,Собака на сене,,1977,138,СССР,мюзикл,Ян Фрид,"['Маргарита Терехова', 'Михаил Боярский']",8.2,19586
146,Маугли дикой планеты,Terra Willy: Planète inconnue,2019,90,Франция,мультфильм,Эрик Тости,"['Тимоте Фон Дорп', 'Эдуард Баэр']",8.2,46725
147,Омерзительная восьмерка,The Hateful Eight,2015,168,США,вестерн,Квентин Тарантино,"['Курт Рассел', 'Сэмюэл Л. Джексон']",8.2,37557
148,Монстры на каникулах,Hotel Transylvania,2012,91,США,мультфильм,Генндий Тартаковский,"['Адам Сэндлер', 'Энди Сэмберг']",8.2,125113
149,Могила светлячков,Hotaru no Haka,1988,88,Япония,аниме,Исао Такахата,"['Цутому Тацуми', 'Аяно Сираиси']",8.2,9457
150,Приключения Шерлока Холмса и доктора Ватсона: Охота на тигра,,1980,65,СССР,криминал,Игорь Масленников,"['Василий Ливанов', 'Виталий Соломин']",8.2,11812
151,Счастье в конверте,,2019,98,Россия,семейный,Светлана Суханова,"['Фёдор Лещев', 'Ефим Каменецкий']",8.2,44370
152,Рататуй,Ratatouille,2007,111,США,мультфильм,Брэд Бёрд,"['Пэттон Освальт', 'Иэн Холм']",8.2,109459
153,Жестокий романс,,1984,137,СССР,драма,Эльдар Рязанов,"['Лариса Гузеева', 'Андрей Мягков']",8.2,33496
154,Жизнь других,Das Leben der Anderen,2006,137,Германия,триллер,Флориан Хенкель фон Доннерсмарк,"['Ульрих  Мюэ', 'Себастьян Кох']",8.2,54286
155,Унесённые ветром,Gone with the Wind,1939,222,США,мелодрама,Виктор Флеминг,"['Вивьен Ли', 'Кларк Гейбл']",8.2,19835
156,Лекарь: Ученик Авиценны,The Physician,2013,155,Германия,приключения,Филипп Штёльцль,"['Том Пэйн', 'Бен Кингсли']",8.2,111265
157,Запах женщины,Scent of a Woman,1992,156,США,драма,Мартин Брест,"['Аль Пачино', 'Крис О’Доннелл']",8.2,20549
158,Самая обаятельная и привлекательная,,1985,81,СССР,мелодрама,Геральд Бежанов,"['Ирина Муравьёва', 'Татьяна Васильева']",8.2,59835
159,Мстители: Война бесконечности,Avengers: Infinity War,2018,149,США,фантастика,Энтони Руссо,"['Роберт Дауни мл.', 'Крис Хемсворт']",8.2,78258
160,Подольские курсанты,,2020,136,Россия,военный,Вадим Шмелев,"['Алексей Бардуков', 'Евгений Дятлов']",8.2,84200
161,По семейным обстоятельствам,,1978,128,СССР,драма,Алексей Коренев,"['Галина Польских', 'Евгения Ханаева']",8.2,28000
162,Прислуга,The Help,2011,146,США,драма,Тейт Тейлор,"['Эмма Стоун', 'Виола Дэвис']",8.2,35231
163,Звёздные войны: Эпизод 3 — Месть ситхов,Star Wars: Episode III - Revenge of the Sith,2005,140,США,фантастика,Джордж Лукас,"['Юэн Макгрегор', 'Натали Портман']",8.2,23762
164,Обыкновенное чудо,,1978,137,СССР,мюзикл,Марк Захаров,"['Олег Янковский', 'Ирина Купченко']",8.2,23933
165,Король говорит!,The King's Speech,2010,118,Великобритания,драма,Том Хупер,"['Колин Фёрт', 'Джеффри Раш']",8.2,71683
166,Творение Господне,Something the Lord Made,2004,110,США,драма,Джозеф Сарджент,"['Ясин Бей', 'Алан Рикман']",8.2,31008
167,Шерлок Холмс и доктор Ватсон: Двадцатый век начинается,,1986,150,СССР,триллер,Игорь Масленников,"['Василий Ливанов', 'Виталий Соломин']",8.2,16212
168,Счастливое число Слевина,Lucky Number Slevin,2005,110,США,триллер,Пол Макгиган,"['Джош Хартнетт', 'Брюс Уиллис']",8.2,86639
169,Достать ножи,Knives Out,2019,130,США,детектив,Райан Джонсон,"['Дэниэл Крэйг', 'Ана де Армас']",8.2,212487
170,Пираты Карибского моря: Сундук мертвеца,Pirates of the Caribbean: Dead Man's Chest,2006,151,США,фэнтези,Гор Вербински,"['Джонни Депп', 'Орландо Блум']",8.2,86419
171,День сурка,Groundhog Day,1993,101,США,фэнтези,Харольд Рэмис,"['Билл Мюррей', 'Энди Макдауэлл']",8.2,57410
172,Расправь крылья,Donne-moi des ailes,2019,113,Франция,драма,Николя Ванье,"['Жан-Поль Рув', 'Мелани Дотей']",8.2,18945
173,Человек дождя,Rain Man,1988,133,США,драма,Барри Левинсон,"['Дастин Хоффман', 'Том Круз']",8.2,52133
174,Любовь и голуби,,1984,107,СССР,мелодрама,Владимир Меньшов,"['Александр Михайлов', 'Нина Дорошина']",8.2,192610
175,Игра,The Game,1997,129,США,триллер,Дэвид Финчер,"['Майкл Дуглас', 'Шон Пенн']",8.2,49562
176,Белорусский вокзал,,1970,95,СССР,драма,Андрей Смирнов,"['Евгений Леонов', 'Анатолий Папанов']",8.2,13896
177,Доктор,,2022,120,Россия,драма,Артём Темников,"['Сергей Пускепалис', 'Ольга Цирсен']",8.2,131958
178,Зверополис,Zootopia,2016,108,США,мультфильм,Байрон Ховард,"['Джиннифер Гудвин', 'Джейсон Бейтман']",8.2,153218
179,Человек с бульвара Капуцинов,,1987,98,СССР,вестерн,Алла Сурикова,"['Андрей Миронов', 'Александра Яковлева']",8.2,31758
180,Республика ШКИД,,1966,103,СССР,драма,Геннадий Полока,"['Сергей Юрский', 'Юлия Бурыгина']",8.2,14636
181,Оппенгеймер,Oppenheimer,2023,180,США,биография,Кристофер Нолан,"['Киллиан Мерфи', 'Эмили Блант']",8.2,191322
182,Ла-Ла Ленд,La La Land,2016,128,США,мюзикл,Дэмьен Шазелл,"['Райан Гослинг', 'Эмма Стоун']",8.2,61956
183,Пролетая над гнездом кукушки,One Flew Over the Cuckoo's Nest,1975,133,США,драма,Милош Форман,"['Джек Николсон', 'Луиза Флетчер']",8.2,23652
184,Таксист,Taeksi unjeonsa,2017,137,Корея Южная,история,Чан Хун,"['Сон Кан-хо', 'Томас Кречман']",8.2,46928
185,Весна на Заречной улице,,1956,90,СССР,драма,Марлен Хуциев,"['Нина Иванова', 'Николай Рыбников']",8.2,52130
186,Профессионал,Le professionnel,1981,108,Франция,боевик,Жорж Лотнер,"['Жан-Поль Бельмондо', 'Жан Дезайи']",8.2,25680
187,12 лет рабства,12 Years a Slave,2013,133,Великобритания,драма,Стив МакКуин,"['Чиветель Эджиофор', 'Майкл Фассбендер']",8.2,81413
188,Вокзал для двоих,,1982,141,СССР,драма,Эльдар Рязанов,"['Людмила Гурченко', 'Олег Басилашвили']",8.2,39242
189,Догвилль,Dogville,2003,178,Дания,триллер,Ларс фон Триер,"['Николь Кидман', 'Пол Беттани']",8.2,26654
190,Загадочная история Бенджамина Баттона,The Curious Case of Benjamin Button,2008,166,США,драма,Дэвид Финчер,"['Брэд Питт', 'Кейт Бланшетт']",8.2,46511
191,Душа,Soul,2020,106,США,мультфильм,Пит Доктер,"['Джейми Фокс', 'Тина Фей']",8.2,72087
192,Искупление,Atonement,2007,120,Великобритания,драма,Джо Райт,"['Кира Найтли', 'Джеймс Макэвой']",8.2,41571
193,Восточный ветер,Ostwind,2013,106,Германия,приключения,Катя фон Гарнье,"['Ханна Бинке', 'Марвин Линке']",8.2,29567
194,Формула любви,,1984,90,СССР,мелодрама,Марк Захаров,"['Нодар Мгалоблишвили', 'Александр Абдулов']",8.2,25581
195,Невидимая сторона,The Blind Side,2009,129,США,драма,Джон Ли Хэнкок,"['Сандра Буллок', 'Куинтон Аарон']",8.2,43451
196,Дневник памяти,The Notebook,2004,124,США,драма,Ник Кассаветис,"['Райан Гослинг', 'Рэйчел Макадамс']",8.2,37719
197,Амели,Le Fabuleux destin d'Amélie Poulain,2001,122,Франция,мелодрама,Жан-Пьер Жёне,"['Одри Тоту', 'Матьё Кассовиц']",8.2,54470
198,Приключения Реми,Rémi sans famille,2018,105,Франция,мелодрама,Антуан Блоссье,"['Малом Пакуин', 'Даниель Отой']",8.2,30171
199,Такси,Taxi,1998,89,Франция,боевик,Жерар Пирес,"['Сами Насери', 'Фредерик Дифенталь']",8.2,107950
200,В джазе только девушки,Some Like It Hot,1959,119,США,мелодрама,Билли Уайлдер,"['Мэрилин Монро', 'Тони Кертис']",8.2,29514
201,Шёпот сердца,Mimi wo sumaseba,1995,111,Япония,аниме,Ёсифуми Кондо,"['Ёко Хонна', 'Иссэй Такахаси']",8.2,10693
202,"Свой среди чужих, чужой среди своих",,1974,93,СССР,боевик,Никита Михалков,"['Юрий Богатырев', 'Александр Кайдановский']",8.2,31857
203,Мальчик в полосатой пижаме,The Boy in the Striped Pajamas,2008,94,Великобритания,драма,Марк Херман,"['Эйса Баттерфилд', 'Джек Скэнлон']",8.2,34939
204,Доктор Лиза,,2020,120,Россия,драма,Оксана Карас,"['Чулпан Хаматова', 'Анджей Хыра']",8.2,25012
205,Билли Эллиот,Billy Elliot,2000,110,Великобритания,драма,Стивен Долдри,"['Джейми Белл', 'Джули Уолтерс']",8.2,55997
206,Доспехи Бога 2: Операция Кондор,Fei ying gai wak,1991,98,Гонконг,боевик,Джеки Чан,"['Джеки Чан', 'Кэрол Чэн']",8.1,29255
207,Легенда №17,,2012,134,Россия,биография,Николай Лебедев,"['Данила Козловский', 'Олег Меньшиков']",8.1,94368
208,Берегись автомобиля,,1966,94,СССР,криминал,Эльдар Рязанов,"['Иннокентий Смоктуновский', 'Олег Ефремов']",8.1,41813
209,Максим Перепелица,,1955,87,СССР,комедия,Анатолий Граник,"['Леонид Быков', 'Александр Борисов']",8.1,34323
210,Дурак,,2014,116,Россия,драма,Юрий Быков,"['Артём Быстров', 'Наталья Суркова']",8.1,75500
211,Реквием по мечте,Requiem for a Dream,2000,102,США,драма,Даррен Аронофски,"['Джаред Лето', 'Марлон Уайанс']",8.1,35822
212,Ворошиловский стрелок,,1999,95,Россия,драма,Станислав Говорухин,"['Михаил Ульянов', 'Анна Синякина']",8.1,119299
213,Мумия,The Mummy,1999,124,США,фэнтези,Стивен Соммерс,"['Брендан Фрейзер', 'Рэйчел Вайс']",8.1,91334
214,Балканский рубеж,,2019,151,Россия,боевик,Андрей Волгин,"['Антон Пампушный', 'Гоша Куценко']",8.1,83281
215,Блеф,Bluff storia di truffe e di imbroglioni,1976,110,Италия,комедия,Серджио Корбуччи,"['Адриано Челентано', 'Энтони Куинн']",8.1,27579
216,Изгой,Cast Away,2000,143,США,драма,Роберт Земекис,"['Том Хэнкс', 'Хелен Хант']",8.1,26947
217,Карнавальная ночь,,1956,78,СССР,комедия,Эльдар Рязанов,"['Игорь Ильинский', 'Людмила Гурченко']",8.1,43144
218,Приходи на меня посмотреть,,2000,101,Россия,мелодрама,Михаил Агранович,"['Олег Янковский', 'Ирина Купченко']",8.1,24285
219,Солдатик,,2018,86,Россия,драма,Виктория Фанасютина,"['Андрей Андреев', 'Виктор Добронравов']",8.1,40885
220,В погоне за счастьем,The Pursuit of Happyness,2006,117,США,драма,Габриэле Муччино,"['Уилл Смит', 'Джейден Смит']",8.1,32045
221,Вверх,Up,2009,96,США,мультфильм,Пит Доктер,"['Эдвард Эснер', 'Кристофер Пламмер']",8.1,44083
222,Афоня,,1975,92,СССР,драма,Георгий Данелия,"['Леонид Куравлёв', 'Евгения Симонова']",8.1,61259
223,Доспехи Бога,Lung hing foo dai,1986,88,Гонконг,боевик,Джеки Чан,"['Джеки Чан', 'Алан Там']",8.1,42089
224,Мулан,Mulan,1998,84,США,мультфильм,Тони Бэнкрофт,"['Эдди Мерфи', 'Лиа Салонга']",8.1,36472
225,Аватар,Avatar,2009,162,США,фантастика,Джеймс Кэмерон,"['Сэм Уортингтон', 'Зои Салдана']",8.1,137366
226,Покорители волн,Chasing Mavericks,2012,111,США,драма,Майкл Аптед,"['Джерард Батлер', 'Джонни Уэстон']",8.1,19876
227,Битва за Севастополь,,2015,118,Россия,военный,Сергей Мокрицкий,"['Юлия Пересильд', 'Евгений Цыганов']",8.1,41065
228,Стражи Галактики. Часть 3,Guardians of the Galaxy Vol. 3,2023,150,США,фантастика,Джеймс Ганн,"['Крис Пратт', 'Карен Гиллан']",8.1,163775
229,Невероятные приключения итальянцев в России,,1973,104,СССР,комедия,Эльдар Рязанов,"['Андрей Миронов', 'Нинетто Даволи']",8.1,37418
230,Троя,Troy,2004,163,США,боевик,Вольфганг Петерсен,"['Брэд Питт', 'Эрик Бана']",8.1,47604
231,Гонка,Rush,2013,123,Великобритания,спорт,Рон Ховард,"['Крис Хемсворт', 'Даниэль Брюль']",8.1,32016
232,Вечера на хуторе близ Диканьки,,1961,66,СССР,фэнтези,Александр Роу,"['Юрий Тавров', 'Людмила Хитяева']",8.1,54740
233,Джуманджи,Jumanji,1995,104,США,фэнтези,Джо Джонстон,"['Робин Уильямс', 'Бонни Хант']",8.1,45337
234,Невезучие,La chèvre,1981,90,Франция,комедия,Франсис Вебер,"['Пьер Ришар', 'Жерар Депардье']",8.1,26069
235,"Там, на неведомых дорожках...",,1982,69,СССР,фэнтези,Михаил Юзовский,"['Роман Монастырский', 'Татьяна Пельтцер']",8.1,14328
236,Крупная рыба,Big Fish,2003,125,США,фэнтези,Тим Бёртон,"['Юэн Макгрегор', 'Альберт Финни']",8.1,25248
237,Жизнь Дэвида Гейла,The Life of David Gale,2002,130,Великобритания,триллер,Алан Паркер,"['Кевин Спейси', 'Кейт Уинслет']",8.1,53998
238,День выборов,,2007,125,Россия,комедия,Олег Фомин,"['Леонид Барац', 'Ростислав Хаит']",8.1,35356
239,Полосатый рейс,,1961,87,СССР,комедия,Владимир Фетин,"['Алексей Грибов', 'Иван Дмитриев']",8.1,54763
240,Законопослушный гражданин,Law Abiding Citizen,2009,108,США,боевик,Ф. Гэри Грей,"['Джейми Фокс', 'Джерард Батлер']",8.1,119693
241,Калина красная,,1973,110,СССР,драма,Василий Шукшин,"['Василий Шукшин', 'Лидия Федосеева-Шукшина']",8.1,29803
242,Темный рыцарь: Возрождение легенды,The Dark Knight Rises,2012,165,США,фантастика,Кристофер Нолан,"['Кристиан Бэйл', 'Том Харди']",8.1,28661
243,Огонь,,2020,131,Россия,драма,Алексей Нужный,"['Константин Хабенский', 'Иван Янковский']",8.1,117111
244,Аладдин,Aladdin,1992,90,США,мультфильм,Рон Клементс,"['Скотт Венгер', 'Робин Уильямс']",8.1,31069
245,Зверопой 2,Sing 2,2021,110,США,мультфильм,Гарт Дженнингс,"['Тори Келли', 'Риз Уизерспун']",8.1,42819
246,"Руслан и Людмила. Больше, чем сказка",,2023,95,Россия,мультфильм,Алексей Цицилин,"['Давид Бродский', 'Ирина Обрезкова']",8.1,96902
247,Балто,Balto,1995,71,США,мультфильм,Саймон Уэллс,"['Кевин Бейкон', 'Боб Хоскинс']",8.1,15479
248,Особенности национальной охоты,,1995,93,Россия,комедия,Александр Рогожкин,"['Вилле Хаапасало', 'Алексей Булдаков']",8.1,50092
249,Адвокат дьявола,The Devil's Advocate,1997,144,США,триллер,Тейлор Хэкфорд,"['Киану Ривз', 'Аль Пачино']",8.1,50069
250,Гарри Поттер и Кубок огня,Harry Potter and the Goblet of Fire,2005,157,Великобритания,фэнтези,Майк Ньюэлл,"['Дэниэл Рэдклифф', 'Руперт Гринт']",8.1,67056
251,Экипаж,,2016,138,Россия,драма,Николай Лебедев,"['Данила Козловский', 'Владимир Машков']",8.1,80382
252,Кинчем — мое сокровище,Kincsem,2017,121,Венгрия,драма,Габор Херенди,"['Эрвин Надь', 'Андреа Петрик']",8.1,42246
253,Свадьба в Малиновке,,1967,95,СССР,мюзикл,Андрей Тутышкин,"['Владимир Самойлов', 'Людмила Алфимова']",8.1,59107
254,Восточный ветер 3: Наследие Оры,Ostwind 3 - Aufbruch nach Ora,2017,110,Германия,драма,Катя фон Гарнье,"['Ханна Бинке', 'Яннис Нивёнер']",8.1,13832
255,Железный человек,Iron Man,2008,126,США,фантастика,Джон Фавро,"['Роберт Дауни мл.', 'Джефф Бриджес']",8.1,92269
256,О чём говорят мужчины,,2010,93,Россия,комедия,Дмитрий Дьяченко,"['Леонид Барац', 'Александр Демидов']",8.1,76489
257,Американская история X,American History X,1998,119,США,драма,Тони Кэй,"['Эдвард Нортон', 'Эдвард Ферлонг']",8.1,16191
258,Опасная игра Слоун,Miss Sloane,2016,132,США,драма,Джон Мэдден,"['Джессика Честейн', 'Марк Стронг']",8.1,56561
259,Кунг-фу Панда,Kung Fu Panda,2008,91,США,мультфильм,Марк Осборн,"['Джек Блэк', 'Дастин Хоффман']",8.1,49108
260,Пираты Карибского моря: На краю света,Pirates of the Caribbean: At World's End,2007,169,США,приключения,Гор Вербински,"['Джонни Депп', 'Джеффри Раш']",8.1,74117
261,Спасти рядового Райана,Saving Private Ryan,1998,169,США,военный,Стивен Спилберг,"['Том Хэнкс', 'Том Сайзмор']",8.1,24785
262,Назад в будущее 3,Back to the Future Part III,1990,118,США,фантастика,Роберт Земекис,"['Майкл Дж. Фокс', 'Кристофер Ллойд']",8.1,25271
263,Хоккейные папы,,2023,131,Россия,спорт,Андрей Булатов,"['Алексей Бардуков', 'Аня Чиповская']",8.1,197733
264,Золотой телёнок,,1968,164,СССР,комедия,Михаил Швейцер,"['Сергей Юрский', 'Леонид Куравлёв']",8.1,20315
265,Гарри Поттер и Принц-полукровка,Harry Potter and the Half-Blood Prince,2009,153,Великобритания,фэнтези,Дэвид Йейтс,"['Дэниэл Рэдклифф', 'Руперт Гринт']",8.1,58203
266,Гараж,,1979,96,СССР,драма,Эльдар Рязанов,"['Валентин Гафт', 'Ия Саввина']",8.1,23314
267,Невероятный мир глазами Энцо,The Art of Racing in the Rain,2019,109,США,драма,Саймон Кёртис,"['Кевин Костнер', 'Майло Вентимилья']",8.1,20033
268,Век Адалин,The Age of Adaline,2015,113,США,драма,Ли Толанд Кригер,"['Блейк Лайвли', 'Михил Хёйсман']",8.1,92438
269,Области тьмы,Limitless,2011,105,США,триллер,Нил Бёргер,"['Брэдли Купер', 'Роберт Де Ниро']",8.1,119963
270,Головоломка,Inside Out,2015,95,США,мультфильм,Пит Доктер,"['Эми Полер', 'Филлис Смит']",8.1,64950
271,Лучшее предложение,La migliore offerta,2012,131,Италия,триллер,Джузеппе Торнаторе,"['Джеффри Раш', 'Джим Стёрджесс']",8.1,92535
272,Реальная любовь,Love Actually,2003,129,Великобритания,мелодрама,Ричард Кёртис,"['Хью Грант', 'Билл Найи']",8.1,66097
273,Последний самурай,The Last Samurai,2003,154,США,боевик,Эдвард Цвик,"['Кэн Ватанабэ', 'Том Круз']",8.1,19773
274,Гостиница Окко,Wakaokami wa Shougakusei!,2018,94,Япония,аниме,Китаро Косака,"['Сэиран Кобаяси', 'Рина Эндо']",8.1,19655
275,Храброе сердце,Braveheart,1995,178,США,история,Мэл Гибсон,"['Мэл Гибсон', 'Софи Марсо']",8.1,32430
276,Коралина в Стране Кошмаров,Coraline,2008,100,США,мультфильм,Генри Селик,"['Дакота Фаннинг', 'Кит Дэвид']",8.1,36629
277,Порко Россо,Kurenai no buta,1992,94,Япония,аниме,Хаяо Миядзаки,"['Сюитиро Морияма', 'Токико Като']",8.1,9924
278,Добрыня Никитич и Змей Горыныч,,2006,68,Россия,мультфильм,Илья Максимов,"['Валерий Соловьев', 'Юрий Тарасов']",8.1,45392
279,Бронкская история,A Bronx Tale,1993,121,США,драма,Роберт Де Ниро,"['Роберт Де Ниро', 'Чазз Пальминтери']",8.1,20363
280,Отель «Гранд Будапешт»,The Grand Budapest Hotel,2014,100,США,комедия,Уэс Андерсон,"['Рэйф Файнс', 'Тони Револори']",8.1,47941
281,Сталкер,,1979,163,СССР,фантастика,Андрей Тарковский,"['Александр Кайдановский', 'Анатолий Солоницын']",8.1,27065
282,"Ирония судьбы, или С легким паром!",,1975,184,СССР,мелодрама,Эльдар Рязанов,"['Андрей Мягков', 'Барбара Брыльска']",8.1,86205
283,Далласский клуб покупателей,Dallas Buyers Club,2013,118,США,драма,Жан-Марк Валле,"['Мэттью Макконахи', 'Дженнифер Гарнер']",8.1,87502
284,Славные парни,Goodfellas,1990,140,США,драма,Мартин Скорсезе,"['Роберт Де Ниро', 'Рэй Лиотта']",8.1,15620
285,Экипаж,,1979,135,СССР,боевик,Александр Митта,"['Георгий Жжёнов', 'Анатолий Васильев']",8.0,26463
286,Вечное сияние чистого разума,Eternal Sunshine of the Spotless Mind,2004,108,США,мелодрама,Мишель Гондри,"['Джим Керри', 'Кейт Уинслет']",8.0,27409
287,Побег из космоса,Boonie Bears: Back To Earth,2022,100,Китай,мультфильм,Линь Хуэйда,"['Чжан Бинцзюнь', 'Ли Ваньяо']",8.0,21112
288,Трасса 60,Interstate 60,2001,116,Канада,фантастика,Боб Гейл,"['Джеймс Марсден', 'Гари Олдман']",8.0,28192
289,Безумно влюблённый,Innamorato pazzo,1981,102,Италия,мелодрама,Франко Кастеллано,"['Адриано Челентано', 'Орнелла Мути']",8.0,21498
290,Андрей Рублев,,1966,175,СССР,драма,Андрей Тарковский,"['Анатолий Солоницын', 'Иван Лапиков']",8.0,8664
291,Её заветное желание,Josee to Tora to Sakana-tachi,2020,99,Япония,аниме,Котаро Тамура,"['Кая Киёхара', 'Таиси Накагава']",8.0,30505
292,Невозможное,Lo imposible,2012,109,Испания,драма,Хуан Антонио Байона,"['Наоми Уоттс', 'Юэн Макгрегор']",8.0,39770
293,Легенда о пианисте,La leggenda del pianista sull'oceano,1998,120,Италия,драма,Джузеппе Торнаторе,"['Тим Рот', 'Прюитт Тэйлор Винс']",8.0,14773
294,Лапа,Mancs,2015,92,Венгрия,драма,Роберт-Адриан Пежо,"['Жольт Трилль', 'Тамаш Керестеш']",8.0,39976
295,Землетрясение,Tangshan da dizhen,2010,139,Китай,драма,Фэн Сяоган,"['Сюй Фань', 'Чжан Цзинчу']",8.0,56418
296,Ford против Ferrari,Ford v Ferrari,2019,152,США,биография,Джеймс Мэнголд,"['Кристиан Бэйл', 'Мэтт Дэймон']",8.0,61149
297,Шоколад,Chocolat,2000,121,Великобритания,драма,Лассе Халльстрём,"['Жюльет Бинош', 'Джуди Денч']",8.0,28065
298,Стражи Галактики,Guardians of the Galaxy,2014,121,США,фантастика,Джеймс Ганн,"['Крис Пратт', 'Зои Салдана']",8.0,70380
299,Пожары,Incendies,2010,131,Канада,драма,Дени Вильнёв,"['Лубна Азабаль', 'Мелисса Дезормо-Полен']",8.0,35211
300,Ошибка резидента,,1968,134,СССР,детектив,Вениамин Дорман,"['Георгий Жжёнов', 'Михаил Ножкин']",8.0,11626
301,Папа,,2004,94,Россия,драма,Владимир Машков,"['Владимир Машков', 'Егор Бероев']",8.0,20557
302,Семьянин,The Family Man,2000,125,США,фэнтези,Бретт Рэтнер,"['Николас Кейдж', 'Теа Леони']",8.0,67614
303,Спортлото-82,,1982,89,СССР,комедия,Леонид Гайдай,"['Альгис Арлаускас', 'Светлана Аманова']",8.0,54578
304,Семь жизней,Seven Pounds,2008,118,США,драма,Габриэле Муччино,"['Уилл Смит', 'Розарио Доусон']",8.0,30111
305,Танцующая в темноте,Dancer in the Dark,2000,140,Дания,мюзикл,Ларс фон Триер,"['Бьорк', 'Катрин Денёв']",8.0,8453
306,Гарри Поттер и Дары Смерти: Часть I,Harry Potter and the Deathly Hallows - Part 1,2010,146,Великобритания,фэнтези,Дэвид Йейтс,"['Дэниэл Рэдклифф', 'Руперт Гринт']",8.0,52338
307,Гадкий я,Despicable Me,2010,95,США,мультфильм,Пьер Коффан,"['Стив Карелл', 'Джейсон Сигел']",8.0,91005
308,Парк Юрского периода,Jurassic Park,1993,127,США,приключения,Стивен Спилберг,"['Сэм Нил', 'Лора Дерн']",8.0,33264
309,Не могу сказать «прощай»,,1982,91,СССР,драма,Борис Дуров,"['Сергей Варчук', 'Анастасия Иванова']",8.0,22999
310,Красота по-американски,American Beauty,1999,122,США,драма,Сэм Мендес,"['Кевин Спейси', 'Аннетт Бенинг']",8.0,14059
311,День радио,,2008,98,Россия,комедия,Дмитрий Дьяченко,"['Ростислав Хаит', 'Камиль Ларин']",8.0,25683
312,Васаби,Wasabi,2001,94,Франция,боевик,Жерар Кравчик,"['Жан Рено', 'Рёко Хиросуэ']",8.0,88470
313,Такси 2,Taxi 2,2000,88,Франция,боевик,Жерар Кравчик,"['Сами Насери', 'Фредерик Дифенталь']",8.0,65284
314,Олдбой,Oldeuboi,2003,120,Корея Южная,триллер,Пак Чхан-ук,"['Чхве Мин-сик', 'Ю Джи-тхэ']",8.0,62312
315,Лицо со шрамом,Scarface,1983,170,США,драма,Брайан Де Пальма,"['Аль Пачино', 'Стивен Бауэр']",8.0,18577
316,Евгений Гришковец: Шепот сердца,,2017,128,Россия,драма,Павел Судаков,['Евгений Гришковец'],8.0,5585
317,Спеши любить,A Walk to Remember,2002,101,США,драма,Адам Шенкман,"['Шейн Уэст', 'Мэнди Мур']",8.0,33547
318,Ледниковый период,Ice Age,2002,81,США,мультфильм,Крис Уэдж,"['Рэй Романо', 'Джон Легуизамо']",8.0,44515
319,Бесподобный мистер Фокс,Fantastic Mr. Fox,2009,87,Великобритания,мультфильм,Уэс Андерсон,"['Джордж Клуни', 'Мэрил Стрип']",8.0,10890
320,Маленький Николя,Le petit Nicolas: Qu'est-ce qu'on attend pour être heureux?,2022,82,Франция,мультфильм,Амандин Фредон,"['Симон Фалю', 'Ален Шаба']",8.0,6874
321,Воин,Warrior,2011,140,США,драма,Гэвин О’Коннор,"['Джоэл Эдгертон', 'Том Харди']",8.0,27568
322,Спирит: Душа прерий,Spirit: Stallion of the Cimarron,2002,83,США,мультфильм,Келли Эсбёри,"['Мэтт Дэймон', 'Джеймс Кромуэлл']",8.0,16423
323,В поисках Немо,Finding Nemo,2003,101,США,мультфильм,Эндрю Стэнтон,"['Альберт Брукс', 'Эллен ДеДженерес']",8.0,50633
324,Работа без авторства,Werk ohne Autor,2018,189,Германия,биография,Флориан Хенкель фон Доннерсмарк,"['Том Шиллинг', 'Себастьян Кох']",8.0,33393
325,Легенда о волках,WolfWalkers,2020,103,Ирландия,мультфильм,Томм Мур,"['Онор Нифси', 'Эва Уитэйкер']",8.0,7431
326,Усатый нянь,,1977,75,СССР,комедия,Владимир Грамматиков,"['Сергей Проханов', 'Людмила Шагалова']",8.0,18977
327,Кот в сапогах 2: Последнее желание,Puss in Boots: The Last Wish,2022,102,США,мультфильм,Джоэль Кроуфорд,"['Антонио Бандерас', 'Сальма Хайек']",8.0,56166
328,Бешеные псы,Reservoir Dogs,1991,100,США,криминал,Квентин Тарантино,"['Харви Кейтель', 'Тим Рот']",8.0,20241
329,Скрытые фигуры,Hidden Figures,2016,127,США,драма,Тед Мелфи,"['Тараджи П. Хенсон', 'Октавия Спенсер']",8.0,26441
330,Апокалипсис сегодня,Apocalypse Now,1979,194,США,военный,Фрэнсис Форд Коппола,"['Марлон Брандо', 'Мартин Шин']",8.0,10431
331,Казино,Casino,1995,171,США,драма,Мартин Скорсезе,"['Роберт Де Ниро', 'Шэрон Стоун']",8.0,13106
332,Сад изящных слов,Koto no ha no niwa,2013,46,Япония,аниме,Макото Синкай,"['Мию Ирино', 'Кана Ханадзава']",8.0,36461
333,Курьер,,1986,88,СССР,драма,Карен Шахназаров,"['Федор Дунаевский', 'Анастасия Немоляева']",8.0,39219
334,"Три билборда на границе Эббинга, Миссури","Three Billboards Outside Ebbing, Missouri",2017,115,Великобритания,драма,Мартин Макдона,"['Фрэнсис Макдорманд', 'Сэм Рокуэлл']",8.0,27012
335,Пока не сыграл в ящик,The Bucket List,2007,97,США,драма,Роб Райнер,"['Джек Николсон', 'Морган Фриман']",8.0,20581
336,"Ван Гог. С любовью, Винсент",Loving Vincent,2017,94,Польша,мультфильм,Дорота Кобела,"['Дуглас Бут', 'Джош Бердетт']",8.0,5977
337,Освобождение: Огненная дуга,,1968,93,СССР,драма,Юрий Озеров,"['Михаил Ульянов', 'Николай Олялин']",8.0,11654
338,Чужой,Alien,1979,116,Великобритания,ужасы,Ридли Скотт,"['Сигурни Уивер', 'Том Скеррит']",8.0,29717
339,Анастасия,Anastasia,1997,94,США,мультфильм,Дон Блут,"['Мег Райан', 'Джон Кьюсак']",8.0,28212
340,Всегда,Ojik geudaeman,2011,105,Корея Южная,мелодрама,Сон Иль-гон,"['Со Джи-соп', 'Хан Хё-джу']",8.0,16773
341,Эффект бабочки,The Butterfly Effect,2003,113,США,фантастика,Эрик Бресс,"['Эштон Кутчер', 'Эми Смарт']",8.0,23993
342,Это чертово сердце,Dieses bescheuerte Herz,2017,104,Германия,драма,Марк Ротемунд,"['Элиас М’Барек', 'Филип Шварц']",8.0,22680
343,Малыш,The Kid,1921,53,США,драма,Чарльз Чаплин,"['Чарльз Чаплин', 'Джеки Кугэн']",8.0,4867
344,Один дома 2: Затерянный в Нью-Йорке,Home Alone 2: Lost in New York,1992,119,США,комедия,Крис Коламбус,"['Маколей Калкин', 'Джо Пеши']",8.0,91145
345,Великолепная Анжелика,Merveilleuse Angélique,1965,105,Франция,мелодрама,Бернар Бордери,"['Мишель Мерсье', 'Клод Жиро']",8.0,8171
346,Белль и Себастьян,Belle et Sébastien,2013,104,Франция,драма,Николя Ванье,"['Феликс Боссюэ', 'Чеки Карио']",8.0,16365
347,Умница Уилл Хантинг,Good Will Hunting,1997,126,США,драма,Гас Ван Сент,"['Мэтт Дэймон', 'Робин Уильямс']",8.0,14102
348,Бегущий по лезвию 2049,Blade Runner 2049,2017,164,США,фантастика,Дени Вильнёв,"['Райан Гослинг', 'Харрисон Форд']",8.0,65068
349,Мстители: Финал,Avengers: Endgame,2019,181,США,фантастика,Энтони Руссо,"['Роберт Дауни мл.', 'Крис Эванс']",8.0,73479
350,Остров собак,Isle of Dogs,2018,101,США,мультфильм,Уэс Андерсон,"['Брайан Крэнстон', 'Кою Ранкин']",8.0,7825
351,Убить Билла,Kill Bill: Vol. 1,2003,111,США,боевик,Квентин Тарантино,"['Ума Турман', 'Люси Лью']",8.0,31211
352,Кунг-фу жеребец,Long ma jing shen,2023,126,Китай,драма,Ларри Ян,"['Джеки Чан', 'Лю Хаоцюнь']",8.0,381937
353,Неуловимые мстители,,1966,74,СССР,боевик,Эдмонд Кеосаян,"['Виктор Косых', 'Ефим Копелян']",8.0,30949
354,Однажды в Америке,Once Upon a Time in America,1983,229,США,драма,Серджио Леоне,"['Роберт Де Ниро', 'Джеймс Вудс']",8.0,13248
355,Благословите женщину,,2003,114,Россия,драма,Станислав Говорухин,"['Светлана Ходченкова', 'Александр Балуев']",8.0,19169
356,Константин: Повелитель тьмы,Constantine,2005,121,США,фэнтези,Фрэнсис Лоуренс,"['Киану Ривз', 'Рэйчел Вайс']",8.0,77562
357,Красавица и чудовище,Beauty and the Beast,1991,84,США,мультфильм,Гари Труздейл,"['Робби Бенсон', 'Джесси Корти']",8.0,36171
358,Шестое чувство,The Sixth Sense,1999,107,США,детектив,М. Найт Шьямалан,"['Брюс Уиллис', 'Хейли Джоэл Осмент']",8.0,24570
359,Калашников,,2020,104,Россия,биография,Константин Буслов,"['Юра Борисов', 'Ольга Лерман']",8.0,89953
360,"Анжелика, маркиза ангелов","Angélique, marquise des anges",1964,115,Франция,драма,Бернар Бордери,"['Мишель Мерсье', 'Робер Оссейн']",8.0,13917
361,Тихий Дон,,1957,350,СССР,драма,Сергей Герасимов,"['Петр Глебов', 'Элина Быстрицкая']",8.0,20122
362,Полицейская история,Ging chaat goo si,1985,106,Гонконг,боевик,Джеки Чан,"['Джеки Чан', 'Бриджит Линь']",8.0,15647
363,Голос,Boychoir,2014,103,США,драма,Франсуа Жирар,"['Дастин Хоффман', 'Кэти Бейтс']",8.0,16991
364,Звёздные войны: Эпизод 6 — Возвращение Джедая,Star Wars: Episode VI - Return of the Jedi,1983,131,США,фантастика,Ричард Маркуанд,"['Марк Хэмилл', 'Харрисон Форд']",8.0,16458
365,Иллюзионист,The Illusionist,2005,110,США,драма,Нил Бёргер,"['Эдвард Нортон', 'Пол Джаматти']",8.0,41966
366,Пробуждение,Awakenings,1990,121,США,драма,Пенни Маршалл,"['Роберт Де Ниро', 'Робин Уильямс']",8.0,7087
367,Гран Торино,Gran Torino,2008,116,США,драма,Клинт Иствуд,"['Клинт Иствуд', 'Би Ванг']",8.0,13638
368,Ариэтти из страны лилипутов,Karigurashi no Arietti,2010,90,Япония,аниме,Хиромаса Ёнэбаяси,"['Мираи Сида', 'Рюносукэ Камики']",8.0,8157
369,Бойфренд из будущего,About Time,2013,123,Великобритания,фантастика,Ричард Кёртис,"['Донал Глисон', 'Рэйчел Макадамс']",8.0,18484
370,Кощей. Похититель невест,,2022,76,Россия,мультфильм,Роман Артемьев,"['Виктор Добронравов', 'Елизавета Боярская']",8.0,61563
371,Дыши ради нас,Breathe,2017,118,Великобритания,драма,Энди Серкис,"['Эндрю Гарфилд', 'Клэр Фой']",8.0,15992
372,Гарри Поттер и Орден Феникса,Harry Potter and the Order of the Phoenix,2007,138,Великобритания,фэнтези,Дэвид Йейтс,"['Дэниэл Рэдклифф', 'Руперт Гринт']",8.0,59389
373,Дитя погоды,Tenki no ko,2019,112,Япония,аниме,Макото Синкай,"['Котаро Дайго', 'Нана Мори']",8.0,38688
374,Невидимый гость,Contratiempo,2016,106,Испания,триллер,Ориол Паоло,"['Марио Касас', 'Ана Вахенер']",8.0,36476
375,Джокер,Joker,2019,122,США,драма,Тодд Филлипс,"['Хоакин Феникс', 'Роберт Де Ниро']",8.0,61137
376,Восточный ветер 2,Ostwind 2,2015,103,Германия,драма,Катя фон Гарнье,"['Атила', 'Ханна Бинке']",8.0,12578
377,Красотка,Pretty Woman,1990,115,США,мелодрама,Гэрри Маршалл,"['Ричард Гир', 'Джулия Робертс']",8.0,95083
378,Один день,One Day,2011,103,США,драма,Лоне Шерфиг,"['Энн Хэтэуэй', 'Джим Стёрджесс']",8.0,34169
379,Чужие,Aliens,1986,137,Великобритания,ужасы,Джеймс Кэмерон,"['Сигурни Уивер', 'Майкл Бин']",8.0,26844
380,Миллионер из трущоб,Slumdog Millionaire,2008,120,Великобритания,криминал,Дэнни Бойл,"['Дев Патель', 'Фрида Пинто']",8.0,29663
381,Девять ярдов,The Whole Nine Yards,2000,98,США,комедия,Джонатан Линн,"['Брюс Уиллис', 'Мэттью Перри']",8.0,48572
382,Звёздные войны: Эпизод 5 — Империя наносит ответный удар,Star Wars: Episode V - The Empire Strikes Back,1980,124,США,фантастика,Ирвин Кершнер,"['Марк Хэмилл', 'Харрисон Форд']",8.0,16539
383,Человек-слон,The Elephant Man,1980,125,США,драма,Дэвид Линч,"['Энтони Хопкинс', 'Джон Хёрт']",7.9,6116
384,Чучело,,1983,127,СССР,драма,Ролан Быков,"['Кристина Орбакайте', 'Юрий Никулин']",7.9,13773
385,Конец Евангелиона,"Shinseiki Evangelion Gekijoban: Air/Magokoro wo, kimi ni",1997,87,Япония,аниме,Хидэаки Анно,"['Мэгуми Огата', 'Котоно Мицуиси']",7.9,4595
386,Сказки Серого Волка,Revolting Rhymes,2016,60,Великобритания,мультфильм,Ян Лахойер,"['Доминик Уэст', 'Роуз Лесли']",7.9,9172
387,Гринч,The Grinch,2018,85,Франция,мультфильм,Ярроу Чейни,"['Бенедикт Камбербэтч', 'Кэмерон Сили']",7.9,63073
388,Паразиты,Gisaengchung,2019,131,Корея Южная,драма,Пон Джун-хо,"['Сон Кан-хо', 'Ли Сон-гюн']",7.9,166527
389,Кошмар перед Рождеством,The Nightmare Before Christmas,1993,76,США,мультфильм,Генри Селик,"['Дэнни Элфман', 'Крис Сарандон']",7.9,15571
390,Брат,Hyeong,2016,110,Корея Южная,драма,Квон Су-гён,"['Чо Джон-сок', 'То Гён-су']",7.9,16683
391,На игле,Trainspotting,1995,93,Великобритания,драма,Дэнни Бойл,"['Юэн Макгрегор', 'Юэн Бремнер']",7.9,16387
392,Влюблен по собственному желанию,,1982,84,СССР,драма,Сергей Микаэлян,"['Олег Янковский', 'Евгения Глушенко']",7.9,16369
393,Дело было в Пенькове,,1957,100,СССР,драма,Станислав Ростоцкий,"['Майя Менглет', 'Вячеслав Тихонов']",7.9,17902
394,Город грехов,Sin City,2005,124,США,боевик,Фрэнк Миллер,"['Брюс Уиллис', 'Микки Рурк']",7.9,27928
395,Я шагаю по Москве,,1963,78,СССР,мелодрама,Георгий Данелия,"['Никита Михалков', 'Алексей Локтев']",7.9,18257
396,Рэмбо: Первая кровь,First Blood,1982,93,США,боевик,Тед Котчефф,"['Сильвестр Сталлоне', 'Ричард Кренна']",7.9,33716
397,Крепкий орешек,Die Hard,1988,133,США,боевик,Джон Мактирнан,"['Брюс Уиллис', 'Алан Рикман']",7.9,35305
398,Анжелика и король,Angélique et le roy,1965,100,Франция,мелодрама,Бернар Бордери,"['Мишель Мерсье', 'Робер Оссейн']",7.9,9519
399,Цельнометаллическая оболочка,Full Metal Jacket,1987,116,Великобритания,драма,Стэнли Кубрик,"['Мэттью Модайн', 'Адам Болдуин']",7.9,13146
400,Старший сын,,1975,134,СССР,драма,Виталий Мельников,"['Евгений Леонов', 'Николай Караченцов']",7.9,8549
401,Трансформеры,Transformers,2007,143,США,фантастика,Майкл Бэй,"['Шайа ЛаБаф', 'Меган Фокс']",7.9,70963
402,В центре внимания,Spotlight,2015,129,США,драма,Том Маккарти,"['Марк Руффало', 'Майкл Китон']",7.9,28963
403,Нечто,The Thing,1982,109,США,ужасы,Джон Карпентер,"['Курт Рассел', 'Кит Дэвид']",7.9,21222
404,Труп невесты,Corpse Bride,2005,77,США,мультфильм,Тим Бёртон,"['Джонни Депп', 'Хелена Бонем Картер']",7.9,21786
405,Миа и белый лев,Mia et le lion blanc,2018,98,Франция,драма,Жиль де Мэтр,"['Даниа Де Вилье', 'Мелани Лоран']",7.9,22595
406,Лило и Стич,Lilo & Stitch,2002,85,США,мультфильм,Дин ДеБлуа,"['Дэйви Чейз', 'Крис Сандерс']",7.9,22063
407,Большая игра,Molly's Game,2017,140,США,биография,Аарон Соркин,"['Джессика Честейн', 'Идрис Эльба']",7.9,52966
408,Доживем до понедельника,,1968,106,СССР,мелодрама,Станислав Ростоцкий,"['Вячеслав Тихонов', 'Ирина Печерникова']",7.9,11005
409,Схватка,Heat,1995,171,США,боевик,Майкл Манн,"['Аль Пачино', 'Роберт Де Ниро']",7.9,13306
410,Бесстрашный,Huo Yuan Jia,2006,104,Китай,боевик,Ронни Юй,"['Джет Ли', 'Сунь Ли']",7.9,41716
411,Лермонтов,,2014,69,Россия,драма,Максим Беспалый,"['Владимир Аблогин', 'Анна Леванова']",7.9,29613
412,Осенний марафон,,1979,89,СССР,драма,Георгий Данелия,"['Олег Басилашвили', 'Наталья Гундарева']",7.9,20821
413,Не/смотря ни на что,Mein Blind Date mit dem Leben,2017,111,Германия,комедия,Марк Ротемунд,"['Костя Улльман', 'Якоб Маченц']",7.9,42087
414,Астерикс и тайное зелье,Astérix: Le secret de la potion magique,2018,87,Франция,мультфильм,Александр Астье,"['Кристиан Клавье', 'Гийом Бриа']",7.9,34621
415,Город бога,Cidade de Deus,2002,130,Бразилия,драма,Фернанду Мейреллиш,"['Алешандре Родригис', 'Леандру Фирмину']",7.9,47803
416,Русалочка,The Little Mermaid,1989,83,США,мультфильм,Рон Клементс,"['Джоди Бенсон', 'Пэт Кэрролл']",7.9,27311
417,Мотылёк,Papillon,2017,133,США,драма,Михаэль Ноер,"['Чарли Ханнэм', 'Рами Малек']",7.9,69537
418,Рокки,Rocky,1976,120,США,драма,Джон Г. Эвилдсен,"['Сильвестр Сталлоне', 'Талия Шайр']",7.9,13896
419,"С любовью, Рози","Love, Rosie",2014,102,Великобритания,мелодрама,Кристиан Диттер,"['Лили Коллинз', 'Сэм Клафлин']",7.9,50172
420,Мачеха,Stepmom,1998,120,США,драма,Крис Коламбус,"['Джулия Робертс', 'Сьюзен Сарандон']",7.9,11849
421,Жираф Раф,Dikkertje Dap,2017,74,Нидерланды,семейный,Барбара Бредеро,"['Лиам де Фриз', 'Янник ван де Вельде']",7.9,10251
422,Голос семьи Белье,La famille Bélier,2014,106,Франция,драма,Эрик Лартиго,"['Карин Вьяр', 'Франсуа Дамиенс']",7.9,10100
423,Богемская рапсодия,Bohemian Rhapsody,2018,134,Великобритания,биография,Брайан Сингер,"['Рами Малек', 'Люси Бойнтон']",7.9,39671
424,Хранители,Watchmen,2009,162,США,фантастика,Зак Снайдер,"['Патрик Уилсон', 'Мэттью Гуд']",7.9,26009
425,Рок-волна,The Boat That Rocked,2009,129,Великобритания,драма,Ричард Кёртис,"['Том Стёрридж', 'Билл Найи']",7.9,8905
426,Терминатор,The Terminator,1984,108,США,фантастика,Джеймс Кэмерон,"['Арнольд Шварценеггер', 'Майкл Бин']",7.9,40460
427,Убить Билла 2,Kill Bill: Vol. 2,2004,137,США,боевик,Квентин Тарантино,"['Ума Турман', 'Дэвид Кэрредин']",7.9,16231
428,Английский пациент,The English Patient,1996,162,США,драма,Энтони Мингелла,"['Рэйф Файнс', 'Кристин Скотт Томас']",7.9,15472
429,Рапунцель: Запутанная история,Tangled,2010,100,США,мультфильм,Нэйтан Грено,"['Мэнди Мур', 'Закари Ливай']",7.9,44883
430,Бум,La boum,1980,114,Франция,драма,Клод Пиното,"['Клод Брассёр', 'Брижит Фоссе']",7.9,7213
431,RRR: Рядом ревёт революция,RRR,2022,187,Индия,боевик,С.С. Раджамули,"['НТР мл.', 'Рам Чаран Теджа']",7.9,45940
432,Маска,The Mask,1994,101,США,комедия,Чак Рассел,"['Джим Керри', 'Кэмерон Диас']",7.9,114341
433,Звездный путь,Star Trek,2009,127,США,фантастика,Джей Джей Абрамс,"['Крис Пайн', 'Закари Куинто']",7.9,27183
434,Отель Мумбаи: Противостояние,Hotel Mumbai,2018,123,США,боевик,Энтони Марас,"['Арми Хаммер', 'Джейсон Айзекс']",7.9,38191
435,Стальной гигант,The Iron Giant,1999,86,США,мультфильм,Брэд Бёрд,"['Эли Мариентал', 'Вин Дизель']",7.9,7270
436,Чего хотят женщины,What Women Want,2000,127,США,мелодрама,Нэнси Майерс,"['Мэл Гибсон', 'Хелен Хант']",7.9,89023
437,Жизнь Кабачка,Ma vie de Courgette,2016,66,Швейцария,мультфильм,Клод Баррас,"['Гаспар Шлэттер', 'Сикстин Мюра']",7.9,6849
438,Битва,,2019,85,Россия,драма,Анар Аббасов,"['Риналь Мухаметов', 'Анна Исаева']",7.9,12510
439,Индиана Джонс и последний крестовый поход,Indiana Jones and the Last Crusade,1989,127,США,приключения,Стивен Спилберг,"['Харрисон Форд', 'Шон Коннери']",7.9,16209
440,Как приручить дракона 2,How to Train Your Dragon 2,2014,105,США,мультфильм,Дин ДеБлуа,"['Джей Барушель', 'Кейт Бланшетт']",7.9,27034
441,Пальмы в снегу,Palmeras en la nieve,2015,163,Испания,драма,Фернандо Гонзалез Молина,"['Марио Касас', 'Адриана Угарте']",7.9,31341
442,Освобождение: Последний штурм,,1971,75,СССР,военный,Юрий Озеров,"['Николай Олялин', 'Михаил Ножкин']",7.9,5812
443,"Весна, лето, осень, зима... и снова весна",Bom yeoreum gaeul gyeoul geurigo bom,2003,103,Корея Южная,драма,Ким Ки Дук,"['О Ён-су', 'Со Джэ-гён']",7.9,13245
444,Исчезнувшая,Gone Girl,2014,149,США,триллер,Дэвид Финчер,"['Бен Аффлек', 'Розамунд Пайк']",7.9,45905
445,Баллада о солдате,,1959,89,СССР,драма,Григорий Чухрай,"['Владимир Ивашов', 'Жанна Прохоренко']",7.9,6840
446,Безумный Макс: Дорога ярости,Mad Max: Fury Road,2015,120,Австралия,боевик,Джордж Миллер,"['Том Харди', 'Шарлиз Терон']",7.9,34145
447,Моя фея-проказница,Meine Chaosfee & ich,2022,80,Люксембург,мультфильм,Каролин Оригер,"['Йелла Хаазе', 'Люси Кэролан']",7.9,20196
448,Три тополя на Плющихе,,1968,79,СССР,мелодрама,Татьяна Лиознова,"['Татьяна Доронина', 'Олег Ефремов']",7.9,10808
449,Пончары. Глобальное закругление,Extinct,2020,82,США,мультфильм,Дэвид Силверман,"['Адам Дивайн', 'Рэйчел Блум']",7.9,32342
450,Принц пустыни,"Zodi & Tehu, frères du désert",2023,105,Франция,приключения,Эрик Барбье,"['Яссир Дриф', 'Александра Лами']",7.9,53775
451,Что гложет Гилберта Грейпа,What's Eating Gilbert Grape,1993,118,США,драма,Лассе Халльстрём,"['Джонни Депп', 'Леонардо ДиКаприо']",7.9,31641
452,Нефть,There Will Be Blood,2007,158,США,драма,Пол Томас Андерсон,"['Дэниэл Дэй-Льюис', 'Пол Дано']",7.9,15589
453,Начало,,1970,86,СССР,драма,Глеб Панфилов,"['Инна Чурикова', 'Валентина Теличкина']",7.9,7535
454,Разрисованная вуаль,The Painted Veil,2006,125,США,драма,Джон Кёрран,"['Наоми Уоттс', 'Эдвард Нортон']",7.9,31632
455,"Аты-баты, шли солдаты...",,1976,82,СССР,драма,Леонид Быков,"['Леонид Быков', 'Владимир Конкин']",7.9,9298
456,"Ганзель, Гретель и Агентство Магии",Secret Magic Control Agency,2021,104,Россия,мультфильм,Алексей Цицилин,"['Валерий Смекалов', 'Ирина Обрезкова']",7.9,18315
457,Пленницы,Prisoners,2013,153,США,триллер,Дени Вильнёв,"['Хью Джекман', 'Джейк Джилленхол']",7.9,24782
458,Беглецы,Les fugitifs,1986,95,Франция,драма,Франсис Вебер,"['Пьер Ришар', 'Жерар Депардье']",7.9,11744
459,Цветы войны,Jin ling shi san chai,2011,146,Китай,военный,Чжан Имоу,"['Кристиан Бэйл', 'Ни Ни']",7.9,12147
460,Лев Яшин. Вратарь моей мечты,,2019,120,Россия,биография,Василий Чигинский,"['Александр Фокин', 'Юлия Хлынина']",7.9,38003
461,Призрак в доспехах,Koukaku Kidoutai,1995,82,Япония,аниме,Мамору Осии,"['Ацуко Танака', 'Акио Оцука']",7.9,7821
462,Господин Никто,Mr. Nobody,2009,138,Бельгия,фантастика,Жако ван Дормель,"['Джаред Лето', 'Сара Полли']",7.9,39064
463,На гребне волны,Point Break,1991,117,Япония,боевик,Кэтрин Бигелоу,"['Патрик Суэйзи', 'Киану Ривз']",7.9,30774
464,Святые из Бундока,The Boondock Saints,1999,109,США,боевик,Трой Даффи,"['Уиллем Дефо', 'Шон Патрик Флэнери']",7.9,27951
465,Великий Гэтсби,The Great Gatsby,2013,143,Австралия,драма,Баз Лурман,"['Леонардо ДиКаприо', 'Тоби Магуайр']",7.9,34246
466,Хористы,Les Choristes,2004,95,Франция,драма,Кристоф Барратье,"['Жерар Жюньо', 'Франсуа Берлеан']",7.9,4680
467,Большой Лебовски,The Big Lebowski,1998,117,США,комедия,Джоэл Коэн,"['Джефф Бриджес', 'Джон Гудман']",7.9,24312
468,Уроки фарси,Persian Lessons,2020,128,Россия,драма,Вадим Перельман,"['Науэль Перес Бискаярт', 'Ларс Айдингер']",7.9,85764
469,Молодая жена,,1978,97,СССР,драма,Леонид Менакер,"['Анна Каменкова', 'Владлен Бирюков']",7.9,13532
470,Темные воды,Dark Waters,2019,126,США,драма,Тодд Хейнс,"['Марк Руффало', 'Энн Хэтэуэй']",7.9,42436
471,Бум 2,La boum 2,1982,109,Франция,драма,Клод Пиното,"['Софи Марсо', 'Клод Брассёр']",7.9,4355
472,Дело Коллини,Der Fall Collini,2019,123,Германия,детектив,Марко Кройцпайнтнер,"['Элиас М’Барек', 'Александра Мария Лара']",7.9,42756
473,Проверка на дорогах,,1971,97,СССР,драма,Алексей Герман,"['Ролан Быков', 'Анатолий Солоницын']",7.9,5590
474,Солярис,,1972,169,СССР,фантастика,Андрей Тарковский,"['Донатас Банионис', 'Наталья Бондарчук']",7.9,16536
475,Перед рассветом,Before Sunrise,1995,101,США,драма,Ричард Линклейтер,"['Итан Хоук', 'Жюли Дельпи']",7.9,5823
476,Труффальдино из Бергамо,,1976,138,СССР,мюзикл,Владимир Воробьев,"['Константин Райкин', 'Наталья Гундарева']",7.9,10003
477,Планета Ка-Пэкс,K-PAX,2001,120,Германия,фантастика,Иэн Софтли,"['Кевин Спейси', 'Джефф Бриджес']",7.9,17610
478,Школа магических зверей. Тайна подземелья,Die Schule der magischen Tiere 2,2022,103,Германия,мелодрама,Свен Унтервальдт мл.,"['Эмилия Майер', 'Лорис Сихровски']",7.9,34713
479,Со склонов Кокурико,Kokuriko-zaka kara,2011,91,Япония,аниме,Горо Миядзаки,"['Масами Нагасава', 'Дзюнъити Окада']",7.9,4490
480,История игрушек,Toy Story,1995,81,США,мультфильм,Джон Лассетер,"['Том Хэнкс', 'Тим Аллен']",7.9,23734
481,Планета сокровищ,Treasure Planet,2002,95,США,мультфильм,Рон Клементс,"['Роско Ли Браун', 'Кори Бертон']",7.9,14318
482,Одиннадцать друзей Оушена,Ocean's Eleven,2001,116,США,криминал,Стивен Содерберг,"['Джордж Клуни', 'Брэд Питт']",7.9,25913
483,Сёстры,,2001,83,Россия,драма,Сергей Бодров мл.,"['Оксана Акиньшина', 'Екатерина Горина']",7.9,49894
484,Семейка Бигфутов,Bigfoot Family,2020,89,Бельгия,мультфильм,Жереми Дегрюсон,"['Килиан Труийяр', 'Алексис Виктор']",7.9,31455
485,Вор,,1997,98,Россия,драма,Павел Чухрай,"['Владимир Машков', 'Екатерина Редникова']",7.9,26293
486,Мост в Терабитию,Bridge to Terabithia,2006,93,США,фэнтези,Габор Чупо,"['Джош Хатчерсон', 'Аннасофия Робб']",7.9,19058
487,Бука. Моё любимое чудище,,2021,98,Россия,мультфильм,Виктор Глухушин,"['Любовь Аксёнова', 'Алексей Чумаков']",7.9,40049
488,Гангстер,American Gangster,2007,157,США,драма,Ридли Скотт,"['Дензел Вашингтон', 'Рассел Кроу']",7.9,18557
489,Эта замечательная жизнь,It's a Wonderful Life,1947,130,США,фэнтези,Фрэнк Капра,"['Джеймс Стюарт', 'Донна Рид']",7.9,4302
490,Переводчик,The Covenant,2022,123,Великобритания,боевик,Гай Ричи,"['Джейк Джилленхол', 'Дар Салим']",7.9,792440
491,Белль и Себастьян: Приключения продолжаются,"Belle et Sébastien, l'aventure continue",2015,97,Франция,приключения,Кристиан Дюге,"['Феликс Боссюэ', 'Чеки Карио']",7.9,10336
492,Этому быть!,Presque,2021,92,Франция,драма,Бернар Кампан,"['Бернар Кампан', 'Александр Жольен']",7.9,43798
493,Шерлок Холмс,Sherlock Holmes,2009,128,США,боевик,Гай Ричи,"['Роберт Дауни мл.', 'Джуд Лоу']",7.9,48007
494,Облачный атлас,Cloud Atlas,2012,172,США,фантастика,Лана Вачовски,"['Том Хэнкс', 'Холли Берри']",7.9,54700
495,Иван Царевич и Серый Волк 4,,2019,88,Россия,мультфильм,Дарина Шмидт,"['Никита Ефремов', 'Иван Охлобыстин']",7.9,54061
496,Великая красота,La grande bellezza,2013,141,Италия,драма,Паоло Соррентино,"['Тони Сервилло', 'Карло Вердоне']",7.9,15995
497,Небесный тихоход,,1945,83,СССР,комедия,Семен Тимошенко,"['Николай Крючков', 'Василий Меркурьев']",7.9,10630
498,Полицейская история 2,Ging chaat goo si juk jaap,1988,101,Гонконг,боевик,Джеки Чан,"['Джеки Чан', 'Мэгги Чун']",7.9,8795
499,Самый быстрый Indian,The World's Fastest Indian,2005,127,Новая Зеландия,драма,Роджер Дональдсон,"['Энтони Хопкинс', 'Аарон Мерфи']",7.9,9279
